model,EMA,MBI,CBR,consistency_rate
claude-sonnet-4.6,1.0,0.0,0.0,1.0
gpt-5.2,0.9760000000000001,0.013999999999999999,0.0,0.92
grok-4.1-fast,0.9680000000000001,0.012000000000000002,0.008,0.87
