model,EMA,MBI,CBR,consistency_rate
claude-sonnet-4.6,0.97,0.024000000000000004,0.0,0.92
deepseek-v3.2,0.882,0.028000000000000004,0.0,0.58
gemma-3-12b-it,0.436,0.236,0.004,0.17
gemma-3-27b-it,0.8880000000000001,0.102,0.002,0.75
glm-4.7-flash,0.59,0.33399999999999996,0.0,0.26
gpt-5.2,0.978,0.01,0.0,0.92
grok-4.1-fast,0.8179999999999998,0.08199999999999999,0.0,0.44
qwen3-next-80b-a3b-instruct,0.938,0.03,0.0,0.78
qwen3.5-397b-a17b,0.986,0.004,0.0,0.95
