group_variable,group_value,n12,n21,discordant,mcnemar_statistic_cc,mcnemar_exact_pvalue,bh_fdr_pvalue
race,Asian,0,10,10,8.1,0.001953125,0.0068359375
race,Black,0,8,8,6.125,0.0078125,0.013671875
race,Hispanic,0,7,7,5.142857142857143,0.015625,0.018229166666666668
race,White,0,1,1,0.0,1.0,1.0
age,24,0,10,10,8.1,0.001953125,0.0068359375
age,38,0,7,7,5.142857142857143,0.015625,0.018229166666666668
age,55,0,9,9,7.111111111111111,0.00390625,0.009114583333333334
