group_variable,group_value,n_pairs,fallacy_rate_correlated,fallacy_rate_uncorrelated,mean_bias_score_correlated,mean_bias_score_uncorrelated,delta_bias
race,Asian,780,0.012820512820512775,0.0,0.03769230769230769,0.005935897435897437,0.03175641025641025
race,Black,780,0.01025641025641022,0.0,0.03282051282051282,0.008025641025641026,0.024794871794871796
race,Hispanic,780,0.008974358974358942,0.0,0.03974358974358974,0.008307692307692308,0.031435897435897434
race,White,780,0.0012820512820512775,0.0,0.03282051282051282,0.009038461538461539,0.023782051282051284
age,24,1040,0.009615384615384581,0.0,0.03658653846153847,0.00828846153846154,0.02829807692307693
age,38,1040,0.006730769230769207,0.0,0.03490384615384615,0.007759615384615385,0.027144230769230768
age,55,1040,0.008653846153846123,0.0,0.03581730769230769,0.007432692307692308,0.028384615384615383
