{
  "n_trials": 6240,
  "n_pairs": 3120,
  "n11": 3094,
  "n12": 0.0,
  "n21": 26.0,
  "n22": 0,
  "discordant": 26.0,
  "mcnemar_statistic_cc": 24.03846153846154,
  "mcnemar_exact_pvalue": 2.9802322387695312e-08,
  "mean_bias_correlated": 0.03576923076923077,
  "mean_bias_uncorrelated": 0.007826923076923077,
  "delta_bias": 0.02794230769230769,
  "paired_t_statistic": 15.530588532136829,
  "paired_t_pvalue": 1.8872823527040233e-52,
  "wilcoxon_statistic": 127941.5,
  "wilcoxon_pvalue": 2.5636545739466198e-123
}