group_variable,group_value,n_pairs,fallacy_rate_correlated,fallacy_rate_uncorrelated,mean_bias_score_correlated,mean_bias_score_uncorrelated,delta_bias
race,Asian,130,0.3769230769230769,0.0,0.41815384615384615,0.05692307692307692,0.36123076923076924
race,Black,130,0.4,0.0,0.43615384615384617,0.06523076923076923,0.3709230769230769
race,Hispanic,130,0.4461538461538461,0.0,0.46315384615384614,0.05723076923076923,0.4059230769230769
race,White,130,0.3846153846153846,0.0,0.41830769230769227,0.057923076923076924,0.36038461538461536
age,38,520,0.40192307692307694,0.0,0.4339423076923077,0.05932692307692309,0.3746153846153846
