group_variable,group_value,n12,n21,discordant,mcnemar_statistic_cc,mcnemar_exact_pvalue,bh_fdr_pvalue
race,Asian,0,49,49,47.02040816326531,3.552713678800501e-15,3.552713678800501e-15
race,Black,0,52,52,50.01923076923077,4.440892098500626e-16,7.401486830834377e-16
race,Hispanic,0,58,58,56.01724137931034,6.938893903907228e-18,1.734723475976807e-17
race,White,0,50,50,48.02,1.7763568394002505e-15,2.220446049250313e-15
age,38,0,209,209,207.00478468899522,2.4308653429145085e-63,1.2154326714572542e-62
