model,EMA,MBI,CBR,consistency_rate
deepseek-v3.2,0.8279999999999998,0.096,0.0,0.46
gemma-3-12b-it,0.092,0.524,0.02,0.24
gemma-3-27b-it,0.44,0.4640000000000001,0.0,0.28
glm-4.7-flash,0.18799999999999997,0.6659999999999999,0.034,0.28
qwen3-next-80b-a3b-instruct,0.8259999999999998,0.14,0.002,0.5
qwen3.5-397b-a17b,0.98,0.0,0.0,0.94
