model,EMA,MBI,CBR,consistency_rate
claude-sonnet-4.6,0.97,0.0,0.0,0.95
gpt-5.2,0.9760000000000001,0.006000000000000001,0.006000000000000001,0.9
grok-4.1-fast,0.6639999999999999,0.032,0.252,0.17
