model,EMA,MBI,CBR,consistency_rate
deepseek-v3.2,0.8333333333333334,0.0,0.02666666666666667,0.7
gemma-3-12b-it,0.20000000000000004,0.3866666666666667,0.26,0.2
gemma-3-27b-it,0.32,0.4133333333333334,0.18000000000000002,0.1
glm-4.7-flash,0.22666666666666668,0.15333333333333338,0.5333333333333333,0.03333333333333333
qwen3-next-80b-a3b-instruct,0.8133333333333332,0.0,0.0,0.7
qwen3.5-397b-a17b,0.9600000000000002,0.0,0.006666666666666667,0.8
