model,EMA,MBI,CBR,consistency_rate
claude-sonnet-4.6,0.7899999999999998,0.172,0.002,0.49
gpt-5.2,0.884,0.055999999999999994,0.002,0.65
grok-4.1-fast,0.42400000000000004,0.45000000000000007,0.0,0.19
