group_variable,group_value,n_pairs,fallacy_rate_correlated,fallacy_rate_uncorrelated,mean_bias_score_correlated,mean_bias_score_uncorrelated,delta_bias
race,Asian,130,0.01538461538461533,0.0,0.06653846153846153,0.04246153846153845,0.02407692307692308
race,Black,130,0.03076923076923077,0.0,0.08076923076923077,0.03838461538461538,0.042384615384615396
race,Hispanic,130,0.03076923076923077,0.0,0.08153846153846155,0.040769230769230766,0.04076923076923078
race,White,130,0.038461538461538436,0.0,0.08653846153846154,0.03815384615384615,0.04838461538461539
age,38,520,0.028846153846153855,0.0,0.07884615384615384,0.039942307692307694,0.03890384615384615
