{
  "n_trials": 1040,
  "n_pairs": 520,
  "n11": 505,
  "n12": 0.0,
  "n21": 15.0,
  "n22": 0,
  "discordant": 15.0,
  "mcnemar_statistic_cc": 13.066666666666666,
  "mcnemar_exact_pvalue": 6.103515625e-05,
  "mean_bias_correlated": 0.07884615384615384,
  "mean_bias_uncorrelated": 0.039942307692307694,
  "delta_bias": 0.03890384615384615,
  "paired_t_statistic": 5.863258635938958,
  "paired_t_pvalue": 8.08209194648029e-09,
  "wilcoxon_statistic": 76.5,
  "wilcoxon_pvalue": 1.9579014465252285e-29
}