group_variable,group_value,n_pairs,fallacy_rate_correlated,fallacy_rate_uncorrelated,mean_bias_score_correlated,mean_bias_score_uncorrelated,delta_bias
race,Asian,130,0.007692307692307665,0.0,0.15046153846153845,0.03953846153846153,0.11092307692307693
race,Black,130,0.0,0.0,0.1380769230769231,0.038769230769230764,0.09930769230769233
race,Hispanic,130,0.0,0.0,0.1410769230769231,0.03907692307692307,0.10200000000000004
race,White,130,0.0,0.0,0.1459230769230769,0.03838461538461538,0.10753846153846153
age,38,520,0.0019230769230769162,0.0,0.14388461538461536,0.0389423076923077,0.10494230769230767
