model,EMA,MBI,CBR,consistency_rate
claude-sonnet-4.6,0.8733333333333333,0.10666666666666667,0.0,0.6333333333333333
gpt-5.2,0.8333333333333334,0.04666666666666667,0.006666666666666667,0.5333333333333333
grok-4.1-fast,0.42666666666666664,0.4666666666666666,0.0,0.26666666666666666
