model,EMA,MBI,CBR,consistency_rate
claude-sonnet-4.6,0.9940000000000001,0.002,0.004,0.98
gpt-5.2,0.884,0.10800000000000001,0.0,0.63
grok-4.1-fast,0.9139999999999998,0.02,0.006000000000000001,0.71
