model,EMA,MBI,CBR,consistency_rate
deepseek-v3.2,0.9840000000000001,0.002,0.002,0.95
gemma-3-12b-it,0.594,0.29200000000000004,0.004,0.16
gemma-3-27b-it,0.87,0.07800000000000001,0.014000000000000002,0.63
glm-4.7-flash,0.5579999999999999,0.04400000000000001,0.31600000000000006,0.11
qwen3-next-80b-a3b-instruct,0.9620000000000001,0.0,0.0,0.92
qwen3.5-397b-a17b,0.9720000000000002,0.0,0.002,0.94
