model,EMA,MBI,CBR,consistency_rate
claude-sonnet-4.6,0.9782178217821783,0.0,0.011881188118811883,0.9504950495049505
gpt-5.2,0.9326732673267327,0.03564356435643565,0.0,0.7425742574257426
grok-4.1-fast,0.885148514851485,0.007920792079207921,0.08514851485148514,0.6435643564356436
