group_variable,group_value,n_pairs,fallacy_rate_correlated,fallacy_rate_uncorrelated,mean_bias_score_correlated,mean_bias_score_uncorrelated,delta_bias
race,Asian,780,0.002564102564102555,0.0,0.008141025641025642,0.013410256410256411,-0.005269230769230769
race,Black,780,0.0012820512820512775,0.0,0.0076282051282051296,0.01248717948717949,-0.004858974358974361
race,Hispanic,780,0.0012820512820512775,0.0,0.008397435897435898,0.01257692307692308,-0.004179487179487181
race,White,780,0.0012820512820512775,0.0,0.008141025641025642,0.014512820512820513,-0.006371794871794871
age,24,1040,0.0019230769230769162,0.0,0.007884615384615384,0.013346153846153846,-0.005461538461538462
age,38,1040,0.0009615384615384581,0.0,0.007932692307692307,0.012961538461538462,-0.005028846153846155
age,55,1040,0.0019230769230769162,0.0,0.008413461538461538,0.013432692307692309,-0.005019230769230771
