group_variable,group_value,n12,n21,discordant,mcnemar_statistic_cc,mcnemar_exact_pvalue,bh_fdr_pvalue
race,Asian,0,80,80,78.0125,1.6543612251060553e-24,2.7572687085100924e-24
race,Black,0,73,73,71.01369863013699,2.117582368135751e-22,2.6469779601696886e-22
race,Hispanic,0,80,80,78.0125,1.6543612251060553e-24,2.7572687085100924e-24
race,White,0,72,72,70.01388888888889,4.235164736271502e-22,4.235164736271502e-22
age,38,0,305,305,303.0032786885246,3.068183415811079e-92,1.5340917079055395e-91
