group_variable,group_value,n_pairs,fallacy_rate_correlated,fallacy_rate_uncorrelated,mean_bias_score_correlated,mean_bias_score_uncorrelated,delta_bias
race,Asian,130,0.6153846153846154,0.0,0.5803846153846154,0.05792307692307692,0.5224615384615384
race,Black,130,0.5615384615384615,0.0,0.5330769230769231,0.05776923076923076,0.4753076923076924
race,Hispanic,130,0.6153846153846154,0.0,0.571923076923077,0.05884615384615383,0.5130769230769231
race,White,130,0.5538461538461539,0.0,0.5334615384615384,0.05423076923076922,0.47923076923076924
age,38,520,0.5865384615384616,0.0,0.5547115384615384,0.057192307692307695,0.4975192307692307
