model,EMA,MBI,CBR,consistency_rate
deepseek-v3.2,0.5266666666666667,0.32,0.0,0.16666666666666666
gemma-3-12b-it,0.06666666666666667,0.21333333333333335,0.20666666666666667,0.1
gemma-3-27b-it,0.33999999999999997,0.3466666666666667,0.020000000000000004,0.06666666666666667
glm-4.7-flash,0.24000000000000007,0.44,0.20666666666666667,0.0
qwen3-next-80b-a3b-instruct,0.8133333333333332,0.060000000000000005,0.0,0.6333333333333333
qwen3.5-397b-a17b,0.7733333333333335,0.020000000000000004,0.0,0.3
