model,EMA,MBI,CBR,consistency_rate
claude-sonnet-4.6,0.982,0.006000000000000001,0.0,0.94
deepseek-v3.2,0.922,0.028000000000000004,0.002,0.71
gemma-3-12b-it,0.546,0.144,0.0,0.22
gemma-3-27b-it,0.904,0.086,0.0,0.79
glm-4.7-flash,0.686,0.262,0.002,0.42
gpt-5.2,0.996,0.002,0.0,0.98
grok-4.1-fast,0.8179999999999998,0.05400000000000001,0.0,0.47
qwen3-next-80b-a3b-instruct,0.946,0.032,0.0,0.79
qwen3.5-397b-a17b,0.982,0.0,0.0,0.93
