group_variable,group_value,n12,n21,discordant,mcnemar_statistic_cc,mcnemar_exact_pvalue,bh_fdr_pvalue
race,Asian,0,26,26,24.03846153846154,2.9802322387695312e-08,7.450580596923828e-08
race,Black,0,21,21,19.047619047619047,9.5367431640625e-07,9.5367431640625e-07
race,Hispanic,0,25,25,23.04,5.960464477539063e-08,7.450580596923828e-08
race,White,0,25,25,23.04,5.960464477539063e-08,7.450580596923828e-08
age,38,0,97,97,95.01030927835052,1.262177448353619e-29,6.310887241768094e-29
