group_variable,group_value,n_pairs,fallacy_rate_correlated,fallacy_rate_uncorrelated,mean_bias_score_correlated,mean_bias_score_uncorrelated,delta_bias
race,Asian,130,0.19999999999999996,0.0,0.34307692307692317,0.13692307692307695,0.20615384615384622
race,Black,130,0.16153846153846152,0.0,0.3315384615384615,0.14123076923076922,0.1903076923076923
race,Hispanic,130,0.1923076923076923,0.0,0.3465384615384615,0.14,0.2065384615384615
race,White,130,0.1923076923076923,0.0,0.3411538461538461,0.14576923076923076,0.19538461538461532
age,38,520,0.18653846153846154,0.0,0.34057692307692305,0.14098076923076922,0.19959615384615384
