model,EMA,MBI,CBR,consistency_rate
deepseek-v3.2,0.9940000000000001,0.0,0.0,0.97
gemma-3-12b-it,0.632,0.20800000000000002,0.002,0.21
gemma-3-27b-it,0.8860000000000001,0.07400000000000001,0.008,0.69
glm-4.7-flash,0.606,0.034,0.28800000000000003,0.18
qwen3-next-80b-a3b-instruct,0.998,0.0,0.0,0.99
qwen3.5-397b-a17b,0.9840000000000001,0.0,0.0,0.98
