group_variable,group_value,n_pairs,fallacy_rate_correlated,fallacy_rate_uncorrelated,mean_bias_score_correlated,mean_bias_score_uncorrelated,delta_bias
race,Asian,130,0.23076923076923073,0.0,0.2606153846153846,0.013230769230769232,0.24738461538461534
race,Black,130,0.23076923076923073,0.0,0.26153846153846155,0.011076923076923078,0.25046153846153846
race,Hispanic,130,0.19999999999999996,0.0,0.23576923076923076,0.011384615384615384,0.22438461538461538
race,White,130,0.25384615384615383,0.0,0.2846153846153846,0.012923076923076924,0.2716923076923077
age,38,520,0.2288461538461538,0.0,0.2606346153846154,0.012153846153846154,0.24848076923076926
