group_variable,group_value,n12,n21,discordant,mcnemar_statistic_cc,mcnemar_exact_pvalue,bh_fdr_pvalue
race,Asian,0,30,30,28.033333333333335,1.862645149230957e-09,2.3283064365386963e-09
race,Black,0,30,30,28.033333333333335,1.862645149230957e-09,2.3283064365386963e-09
race,Hispanic,0,26,26,24.03846153846154,2.9802322387695312e-08,2.9802322387695312e-08
race,White,0,33,33,31.03030303030303,2.3283064365386963e-10,5.820766091346741e-10
age,38,0,119,119,117.00840336134453,3.009265538105056e-36,1.504632769052528e-35
