{
  "n_trials": 1040,
  "n_pairs": 520,
  "n11": 401,
  "n12": 0.0,
  "n21": 119.0,
  "n22": 0,
  "discordant": 119.0,
  "mcnemar_statistic_cc": 117.00840336134453,
  "mcnemar_exact_pvalue": 3.009265538105056e-36,
  "mean_bias_correlated": 0.2606346153846154,
  "mean_bias_uncorrelated": 0.012153846153846154,
  "delta_bias": 0.24848076923076926,
  "paired_t_statistic": 15.308780113104316,
  "paired_t_pvalue": 6.307155962161352e-44,
  "wilcoxon_statistic": 2910.0,
  "wilcoxon_pvalue": 4.161881873088108e-61
}