group_variable,group_value,n_pairs,fallacy_rate_correlated,fallacy_rate_uncorrelated,mean_bias_score_correlated,mean_bias_score_uncorrelated,delta_bias
race,Asian,130,0.6307692307692307,0.0,0.6346153846153846,0.052,0.5826153846153845
race,Black,130,0.6,0.0,0.6115384615384616,0.05284615384615384,0.5586923076923077
race,Hispanic,130,0.6230769230769231,0.0,0.6296153846153846,0.052615384615384606,0.577
race,White,130,0.5769230769230769,0.0,0.5930769230769231,0.0523076923076923,0.5407692307692308
age,38,520,0.6076923076923078,0.0,0.6172115384615384,0.052442307692307705,0.5647692307692307
