group_variable,group_value,n12,n21,discordant,mcnemar_statistic_cc,mcnemar_exact_pvalue,bh_fdr_pvalue
race,Asian,0,82,82,80.01219512195122,4.1359030627651384e-25,1.0339757656912846e-24
race,Black,0,78,78,76.01282051282051,6.617444900424222e-24,8.271806125530277e-24
race,Hispanic,0,81,81,79.01234567901234,8.271806125530277e-25,1.3786343542550462e-24
race,White,0,75,75,73.01333333333334,5.293955920339377e-23,5.293955920339377e-23
age,38,0,316,316,314.003164556962,1.4981364335015035e-95,7.490682167507517e-95
