{
  "n_trials": 1040,
  "n_pairs": 520,
  "n11": 204,
  "n12": 0.0,
  "n21": 316.0,
  "n22": 0,
  "discordant": 316.0,
  "mcnemar_statistic_cc": 314.003164556962,
  "mcnemar_exact_pvalue": 1.4981364335015035e-95,
  "mean_bias_correlated": 0.6172115384615384,
  "mean_bias_uncorrelated": 0.052442307692307705,
  "delta_bias": 0.5647692307692307,
  "paired_t_statistic": 33.198391123693,
  "paired_t_pvalue": 1.8430045552948e-130,
  "wilcoxon_statistic": 0.0,
  "wilcoxon_pvalue": 3.5788727307489704e-85
}