model,EMA,MBI,CBR,consistency_rate
claude-sonnet-4.6,0.898,0.078,0.0,0.63
deepseek-v3.2,0.88,0.02,0.0,0.63
gemma-3-12b-it,0.106,0.5160000000000001,0.02,0.11
gemma-3-27b-it,0.578,0.29599999999999993,0.0,0.28
glm-4.7-flash,0.614,0.18999999999999997,0.04,0.21
gpt-5.2,0.972,0.0,0.004,0.88
grok-4.1-fast,0.72,0.17,0.0,0.31
qwen3-next-80b-a3b-instruct,0.9760000000000001,0.013999999999999999,0.0,0.91
qwen3.5-397b-a17b,0.8179999999999998,0.012000000000000002,0.002,0.45
