model,EMA,MBI,CBR,consistency_rate
deepseek-v3.2,0.936,0.0,0.002,0.86
gemma-3-12b-it,0.18600000000000003,0.468,0.23,0.12
gemma-3-27b-it,0.3680000000000001,0.436,0.11999999999999998,0.14
glm-4.7-flash,0.258,0.08599999999999998,0.5479999999999999,0.07
qwen3-next-80b-a3b-instruct,0.88,0.0,0.004,0.7
qwen3.5-397b-a17b,0.9740000000000001,0.0,0.004,0.9
