model,EMA,MBI,CBR,consistency_rate
claude-sonnet-4.6,0.9564356435643564,0.025742574257425745,0.0,0.8712871287128713
deepseek-v3.2,0.8831683168316832,0.013861386138613863,0.0,0.6534653465346535
gemma-3-12b-it,0.38019801980198026,0.2851485148514851,0.01782178217821782,0.18811881188118812
gemma-3-27b-it,0.7920792079207919,0.18217821782178217,0.0,0.7128712871287128
glm-4.7-flash,0.5623762376237624,0.27524752475247527,0.05346534653465347,0.16831683168316833
gpt-5.2,0.9762376237623762,0.0039603960396039604,0.0,0.9306930693069307
grok-4.1-fast,0.8752475247524751,0.06732673267326733,0.0,0.5742574257425742
qwen3-next-80b-a3b-instruct,0.9801980198019802,0.0059405940594059415,0.0,0.9603960396039604
qwen3.5-397b-a17b,0.9089108910891088,0.0039603960396039604,0.0,0.6732673267326733
