model,EMA,MBI,CBR,consistency_rate
claude-sonnet-4.6,0.9466666666666668,0.0,0.0,0.8333333333333334
gpt-5.2,0.9599999999999999,0.013333333333333334,0.0,0.8333333333333334
grok-4.1-fast,0.7133333333333335,0.020000000000000004,0.22666666666666668,0.23333333333333334
