model,EMA,MBI,CBR,consistency_rate
claude-sonnet-4.6,0.8959999999999999,0.05200000000000001,0.0,0.67
gpt-5.2,0.7619999999999999,0.14,0.0,0.41
grok-4.1-fast,0.7799999999999998,0.144,0.002,0.45
