model,EMA,MBI,CBR,consistency_rate
deepseek-v3.2,0.6579999999999999,0.20000000000000004,0.002,0.23
gemma-3-12b-it,0.028000000000000004,0.27,0.13399999999999998,0.08
gemma-3-27b-it,0.4060000000000001,0.38600000000000007,0.006000000000000001,0.08
glm-4.7-flash,0.332,0.30400000000000005,0.24799999999999997,0.07
qwen3-next-80b-a3b-instruct,0.772,0.038000000000000006,0.024000000000000004,0.59
qwen3.5-397b-a17b,0.7639999999999998,0.032,0.0,0.32
