model,EMA,MBI,CBR,consistency_rate
deepseek-v3.2,0.87,0.07600000000000001,0.0,0.63
gemma-3-12b-it,0.15,0.42399999999999993,0.04,0.22
gemma-3-27b-it,0.6040000000000001,0.344,0.0,0.41
glm-4.7-flash,0.316,0.596,0.034,0.32
qwen3-next-80b-a3b-instruct,0.884,0.068,0.0,0.61
qwen3.5-397b-a17b,0.986,0.008,0.002,0.94
