model,EMA,MBI,CBR,consistency_rate
claude-sonnet-4.6,0.803960396039604,0.11485148514851484,0.0,0.39603960396039606
gpt-5.2,0.8475247524752475,0.10099009900990097,0.009900990099009901,0.48514851485148514
grok-4.1-fast,0.6693069306930693,0.23168316831683167,0.0,0.25742574257425743
