model,EMA,MBI,CBR,consistency_rate
claude-sonnet-4.6,0.8459999999999998,0.09,0.0,0.55
gpt-5.2,0.494,0.43000000000000005,0.002,0.28
grok-4.1-fast,0.6939999999999997,0.19999999999999996,0.0,0.26
